date,open,high,low,close,漲跌,漲跌.1,振幅,張數,筆數,均張,volume,外資,投信,自營,合計
2023/1/3,446.0,453.5,443.0,453.0,4.5,1.0,2.34,"15,311","22,581",0.68,68.7,"-1,035",229,-53.7,-859
2023/1/4,449.5,455.0,448.5,449.5,-3.5,-0.77,1.43,"20,627","18,233",1.13,93.1,"-2,961",263,994,"-1,704"
2023/1/5,459.0,459.5,455.0,458.5,9.0,2.0,1.0,"23,972","20,752",1.16,110.0,"6,726",-17,-635,"6,074"
2023/1/6,455.0,459.5,455.0,458.5,0.0,0.0,0.98,"21,314","16,635",1.28,97.4,"4,193",334,"1,782","6,309"
2023/1/9,468.0,481.0,467.5,481.0,22.5,4.91,2.94,"49,186","57,305",0.86,234.0,"29,063",522,991,"30,575"
2023/1/10,486.0,487.0,483.0,486.0,5.0,1.04,0.83,"34,785","36,975",0.94,169.0,"13,398",514,-616,"13,296"
2023/1/11,487.0,488.0,482.0,484.5,-1.5,-0.31,1.23,"21,749","25,457",0.85,105.0,-114,101,"1,135","1,122"
2023/1/12,487.5,488.0,484.0,486.5,2.0,0.41,0.83,"22,417","25,780",0.87,109.0,"5,299",446,556,"6,301"
2023/1/13,507.0,509.0,499.0,500.0,13.5,2.77,2.06,"81,849","93,121",0.88,411.0,"49,026","1,198",517,"50,741"
2023/1/16,506.0,508.0,503.0,505.0,5.0,1.0,1.0,"38,782","48,051",0.81,196.0,"18,939",-392,172,"18,718"
2023/1/17,504.0,504.0,499.5,503.0,-2.0,-0.4,0.89,"29,444","27,930",1.05,148.0,"10,960","-4,542",697,"7,114"
2023/1/30,542.0,543.0,534.0,543.0,40.0,7.95,1.79,"148,413","153,125",0.97,801.0,"80,641",938,880,"82,459"
2023/1/31,537.0,538.0,521.0,522.0,-21.0,-3.87,3.13,"79,212","74,279",1.07,417.0,"-13,043",242,"2,515","-10,286"
2023/2/1,532.0,533.0,522.0,530.0,8.0,1.53,2.11,"42,540","31,487",1.35,225.0,"9,255",-36,439,"9,658"
2023/2/2,538.0,542.0,537.0,540.0,10.0,1.89,0.94,"46,524","45,495",1.02,251.0,"20,869",22.4,-711,"20,181"
2023/2/3,540.0,542.0,536.0,542.0,2.0,0.37,1.11,"34,156","39,674",0.86,184.0,"16,057",-519,-153,"15,385"
2023/2/6,532.0,533.0,526.0,526.0,-16.0,-2.95,1.29,"32,209","46,279",0.7,170.0,"-10,182",589,-283,"-9,876"
2023/2/7,524.0,528.0,522.0,523.0,-3.0,-0.57,1.14,"24,362","28,519",0.85,128.0,"-2,730",223,305,"-2,201"
2023/2/8,538.0,540.0,534.0,540.0,17.0,3.25,1.15,"37,633","43,495",0.87,202.0,"19,455",301,593,"20,350"
2023/2/9,540.0,540.0,536.0,540.0,0.0,0.0,0.74,"22,311","19,698",1.13,120.0,"6,954",20.5,62,"7,037"
2023/2/10,544.0,546.0,541.0,545.0,5.0,0.93,0.93,"30,445","40,984",0.74,165.0,"14,193",-40.2,-359,"13,794"
2023/2/13,544.0,544.0,538.0,541.0,-4.0,-0.73,1.1,"23,903","22,431",1.07,129.0,"-1,674",331,-917,"-2,260"
2023/2/14,544.0,546.0,543.0,545.0,4.0,0.74,0.55,"23,856","27,983",0.85,130.0,"6,109","1,133",460,"7,702"
2023/2/15,526.0,532.0,522.0,525.0,-20.0,-3.67,1.83,"66,069","103,433",0.64,348.0,"-7,966",444,"-1,263","-8,784"
2023/2/16,528.0,531.0,524.0,528.0,3.0,0.57,1.33,"33,510","27,033",1.24,177.0,"3,052",-355,944,"3,640"
2023/2/17,524.0,524.0,516.0,518.0,-10.0,-1.89,1.52,"29,673","55,965",0.53,154.0,"-9,078",3.91,-118,"-9,192"
2023/2/20,514.0,519.0,511.0,517.0,-1.0,-0.19,1.54,"21,181","25,898",0.82,109.0,"-1,767",-455,-248,"-2,469"
2023/2/21,515.0,517.0,513.0,516.0,-1.0,-0.19,0.77,"15,098","27,200",0.56,77.7,"-2,205",2.9,-308,"-2,510"
2023/2/22,506.0,509.0,505.0,507.0,-9.0,-1.74,0.78,"26,579","47,843",0.56,135.0,"-2,705",26.4,-854,"-3,532"
2023/2/23,512.0,521.0,510.0,518.0,11.0,2.17,2.17,"26,802","26,552",1.01,138.0,"5,032",-328,"1,226","5,930"
2023/2/24,524.0,525.0,511.0,511.0,-7.0,-1.35,2.7,"48,372","29,612",1.63,249.0,710,343,-50.8,"1,002"
2023/3/1,504.0,522.0,504.0,522.0,11.0,2.15,3.52,"45,971","31,738",1.45,236.0,"7,751",47.9,"-1,807","5,992"
2023/3/2,519.0,520.0,515.0,519.0,-3.0,-0.57,0.96,"18,017","14,320",1.26,93.4,154,110,-709,-444
2023/3/3,524.0,525.0,516.0,516.0,-3.0,-0.58,1.73,"24,117","22,160",1.09,125.0,"-5,792","1,069",-61.8,"-4,785"
2023/3/6,520.0,524.0,517.0,521.0,5.0,0.97,1.36,"24,741","20,678",1.2,129.0,-62.6,944,"2,846","3,727"
2023/3/7,521.0,526.0,519.0,524.0,3.0,0.58,1.34,"27,650","20,595",1.34,145.0,77.2,"1,491",799,"2,366"
2023/3/8,521.0,523.0,518.0,521.0,-3.0,-0.57,0.95,"27,078","20,504",1.32,141.0,"-5,028",150,"1,669","-3,209"
2023/3/9,525.0,526.0,522.0,522.0,1.0,0.19,0.77,"25,639","16,497",1.55,134.0,-206,204,198,195
2023/3/10,515.0,516.0,511.0,513.0,-9.0,-1.72,0.96,"25,572","46,216",0.55,131.0,"-8,138",158,-806,"-8,786"
2023/3/13,513.0,518.0,509.0,516.0,3.0,0.58,1.75,"22,569","24,150",0.93,116.0,"1,478",62.5,492,"2,033"
2023/3/14,511.0,514.0,510.0,510.0,-6.0,-1.16,0.78,"26,599","24,848",1.07,136.0,"-4,624",217,-54.7,"-4,462"
2023/3/15,515.0,516.0,510.0,511.0,1.0,0.2,1.18,"24,080","21,075",1.14,124.0,"-2,123",285,"-1,430","-3,268"
2023/3/16,505.0,510.0,504.0,505.0,-3.0,-0.59,1.18,"23,326","33,493",0.7,118.0,"-5,726",171,312,"-5,243"
2023/3/17,516.0,518.0,513.0,518.0,13.0,2.57,0.99,"35,873","21,217",1.69,185.0,"8,563","-1,850",-50.5,"6,662"
2023/3/20,517.0,518.0,510.0,512.0,-6.0,-1.16,1.54,"12,752","17,709",0.72,65.4,"-1,744",11,56.9,"-1,676"
2023/3/21,515.0,517.0,512.0,517.0,5.0,0.98,0.98,"18,519","14,094",1.31,95.4,"2,380",222,90.6,"2,692"
2023/3/22,524.0,533.0,524.0,533.0,16.0,3.09,1.74,"45,681","56,483",0.81,242.0,"29,608",184,333,"30,125"
2023/3/23,528.0,539.0,528.0,538.0,5.0,0.94,2.06,"28,615","35,313",0.81,153.0,"9,496",617,-586,"9,527"
2023/3/24,536.0,539.0,535.0,539.0,1.0,0.19,0.74,"22,964","24,762",0.93,123.0,"6,010","1,973",-154,"7,829"
2023/3/27,533.0,536.0,531.0,531.0,-8.0,-1.48,0.93,"17,171","17,484",0.98,91.5,"-1,238",-156,280,"-1,114"
2023/3/28,525.0,530.0,524.0,525.0,-6.0,-1.13,1.13,"18,328","20,744",0.88,96.3,"-1,466",-93,-56.7,"-1,616"
2023/3/29,533.0,533.0,525.0,530.0,5.0,0.95,1.52,"17,620","15,653",1.13,93.3,"4,817",83.8,-426,"4,474"
2023/3/30,536.0,537.0,531.0,535.0,5.0,0.94,1.13,"20,381","18,171",1.12,109.0,"5,724",-100,147,"5,771"
2023/3/31,538.0,538.0,532.0,533.0,-2.0,-0.37,1.12,"24,325","15,962",1.52,130.0,"3,830",-84.5,758,"4,503"
2023/4/6,530.0,531.0,526.0,530.0,-3.0,-0.56,0.94,"26,707","19,144",1.4,141.0,"2,353",-29,-221,"2,103"
2023/4/7,535.0,535.0,529.0,531.0,1.0,0.19,1.13,"11,114","10,285",1.08,59.0,"2,281",44,-94,"2,231"
2023/4/10,533.0,533.0,528.0,529.0,-2.0,-0.38,0.94,"8,203","11,698",0.7,43.5,"1,224",-55.2,-78.6,"1,090"
2023/4/11,522.0,527.0,522.0,524.0,-5.0,-0.95,0.95,"23,087","24,432",0.94,121.0,"-1,472","-1,225",635,"-2,062"
2023/4/12,523.0,524.0,517.0,520.0,-4.0,-0.76,1.34,"24,773","37,158",0.67,129.0,"-6,272",-538,342,"-6,468"
2023/4/13,515.0,517.0,510.0,510.0,-10.0,-1.92,1.35,"27,501","64,834",0.42,141.0,"-9,290",-154,-203,"-9,646"
2023/4/14,516.0,520.0,513.0,516.0,6.0,1.18,1.37,"21,175","19,962",1.06,109.0,"3,825",-169,304,"3,960"
2023/4/17,519.0,520.0,514.0,520.0,4.0,0.78,1.16,"17,896","17,444",1.03,92.6,"1,842",151,-182,"1,811"
2023/4/18,518.0,520.0,514.0,515.0,-5.0,-0.96,1.15,"15,687","17,087",0.92,81.0,"-1,670",-261,135,"-1,796"
2023/4/19,517.0,518.0,509.0,510.0,-5.0,-0.97,1.75,"23,210","43,281",0.54,119.0,"-7,975","-1,198","2,393","-6,780"
2023/4/20,512.0,516.0,510.0,513.0,3.0,0.59,1.18,"21,003","16,627",1.26,108.0,111,-524,408,-4.94
2023/4/21,520.0,520.0,510.0,511.0,-2.0,-0.39,1.95,"25,440","22,738",1.12,131.0,156,-263,186,79.2
2023/4/24,505.0,510.0,504.0,507.0,-4.0,-0.78,1.17,"17,580","31,635",0.56,89.0,"-3,147",-536,15.5,"-3,667"
2023/4/25,504.0,505.0,498.0,498.0,-9.0,-1.78,1.38,"40,916","92,009",0.44,205.0,"-17,769",-150,-316,"-18,235"
2023/4/26,498.0,498.5,491.0,491.5,-6.5,-1.31,1.51,"33,175","58,580",0.57,164.0,"-9,077",403,"3,747","-4,927"
2023/4/27,491.0,495.0,489.0,493.5,2.0,0.41,1.22,"34,149","47,699",0.72,168.0,"-6,968",-398,376,"-6,990"
2023/4/28,498.5,502.0,498.0,502.0,8.5,1.72,0.81,"38,813","23,746",1.63,194.0,-881,515,138,-228
2023/5/2,500.0,502.0,496.5,501.0,-1.0,-0.2,1.1,"17,142","18,247",0.94,85.7,"-2,159",388,"1,294",-477
2023/5/3,496.0,498.0,495.0,496.0,-5.0,-1.0,0.6,"12,695","25,658",0.49,63.1,"-4,095",127,363,"-3,605"
2023/5/4,497.0,499.5,496.0,498.0,2.0,0.4,0.71,"13,700","14,801",0.93,68.2,"-1,635",37.5,347,"-1,251"
2023/5/5,500.0,502.0,498.5,500.0,2.0,0.4,0.7,"7,898","10,944",0.72,39.5,265,-152,415,528
2023/5/8,509.0,509.0,502.0,504.0,4.0,0.8,1.4,"11,737","13,709",0.86,59.3,854,319,107,"1,280"
2023/5/9,507.0,510.0,505.0,510.0,6.0,1.19,0.99,"18,763","17,452",1.08,95.3,"6,380",293,156,"6,830"
2023/5/10,508.0,508.0,500.0,503.0,-7.0,-1.37,1.57,"19,386","26,320",0.74,97.5,"-7,066",-5.67,192,"-6,879"
2023/5/11,506.0,506.0,498.5,499.0,-4.0,-0.8,1.49,"13,775","20,237",0.68,69.0,"-2,763",-35.8,140,"-2,659"
2023/5/12,496.0,500.0,495.0,496.0,-3.0,-0.6,1.0,"20,747","27,989",0.74,103.0,"-7,035",93,"1,002","-5,941"
2023/5/15,497.0,499.5,494.5,495.5,-0.5,-0.1,1.01,"15,548","16,896",0.92,77.2,"-2,528",192,"1,060","-1,275"
2023/5/16,503.0,508.0,500.0,505.0,9.5,1.92,1.61,"24,053","22,355",1.08,121.0,"2,405",-324,"4,428","6,509"
2023/5/17,508.0,521.0,506.0,519.0,14.0,2.77,2.97,"44,352","52,663",0.84,229.0,"16,087",20.3,"11,898","28,006"
2023/5/18,533.0,536.0,526.0,530.0,11.0,2.12,1.93,"46,108","50,359",0.92,244.0,"18,851","-2,179","4,958","21,630"
2023/5/19,535.0,535.0,529.0,532.0,2.0,0.38,1.13,"34,743","39,104",0.89,185.0,"17,952",-95,"1,996","19,853"
2023/5/22,532.0,533.0,529.0,531.0,-1.0,-0.19,0.75,"19,038","18,796",1.01,101.0,"6,069",-161,123,"6,031"
2023/5/23,530.0,531.0,525.0,530.0,-1.0,-0.19,1.13,"20,127","15,826",1.27,106.0,"5,900",-367,714,"6,247"
2023/5/24,527.0,528.0,524.0,525.0,-5.0,-0.94,0.75,"22,621","16,339",1.38,119.0,-611,239,"1,578","1,206"
2023/5/25,542.0,545.0,537.0,543.0,18.0,3.43,1.52,"68,361","80,930",0.84,370.0,"42,423",89,"1,735","44,247"
2023/5/26,568.0,568.0,563.0,566.0,23.0,4.24,0.92,"104,925","131,612",0.8,593.0,"69,215",-814,587,"68,988"
2023/5/29,574.0,574.0,564.0,568.0,2.0,0.35,1.77,"58,814","52,250",1.13,335.0,"20,510",-188,78.8,"20,401"
2023/5/30,566.0,568.0,563.0,566.0,-2.0,-0.35,0.88,"47,491","32,956",1.44,269.0,"11,458",-401,62,"11,119"
2023/5/31,560.0,562.0,551.0,558.0,-8.0,-1.41,1.94,"90,676","39,679",2.29,506.0,"7,889",-224,"2,533","10,198"
2023/6/1,550.0,554.0,550.0,551.0,-7.0,-1.25,0.72,"25,258","25,441",0.99,139.0,"-2,903",142,295,"-2,467"
2023/6/2,559.0,564.0,557.0,562.0,11.0,2.0,1.27,"34,705","30,644",1.13,195.0,"8,372",167,37,"8,576"
2023/6/5,560.0,560.0,555.0,555.0,-7.0,-1.25,0.89,"17,484","20,211",0.87,97.3,"-2,493",-300,-245,"-3,038"
2023/6/6,554.0,562.0,553.0,560.0,5.0,0.9,1.62,"21,562","15,551",1.39,120.0,"3,149",-342,393,"3,200"
2023/6/7,561.0,568.0,560.0,568.0,8.0,1.43,1.43,"29,092","29,548",0.98,164.0,"7,436","1,451",339,"9,226"
2023/6/8,562.0,568.0,555.0,559.0,-9.0,-1.58,2.29,"25,251","27,238",0.93,142.0,"-3,260",-233,-272,"-3,765"
2023/6/9,561.0,566.0,561.0,565.0,6.0,1.07,0.89,"19,776","16,713",1.18,112.0,"5,015",-106,427,"5,337"
2023/6/12,574.0,574.0,571.0,574.0,9.0,1.59,0.53,"28,657","38,130",0.75,164.0,"14,442",429,113,"14,983"
2023/6/13,593.0,594.0,589.0,593.0,19.0,3.31,0.87,"62,672","84,903",0.74,371.0,"34,284",-118,"1,393","35,559"
2023/6/14,590.0,591.0,587.0,590.0,-3.0,-0.51,0.67,"25,982","28,171",0.92,153.0,"1,726",-72.3,512,"2,166"
2023/6/15,590.0,593.0,587.0,591.0,4.0,0.68,1.02,"29,869","28,303",1.06,176.0,"7,471",-555,35.9,"6,953"
2023/6/16,590.0,590.0,584.0,589.0,-2.0,-0.34,1.02,"41,560","27,450",1.51,244.0,"6,401","-1,805",235,"4,831"
2023/6/19,583.0,585.0,582.0,583.0,-6.0,-1.02,0.51,"14,883","18,979",0.78,86.8,"-1,693",112,-296,"-1,877"
2023/6/20,579.0,585.0,579.0,583.0,0.0,0.0,1.03,"17,013","17,658",0.96,99.0,"1,296",-764,-206,326
2023/6/21,582.0,585.0,578.0,581.0,-2.0,-0.34,1.2,"23,719","25,132",0.94,138.0,"1,031",-692,590,928
2023/6/26,576.0,578.0,574.0,574.0,-7.0,-1.2,0.69,"29,870","28,167",1.06,172.0,"-5,694",-3,314,"-5,383"
2023/6/27,570.0,575.0,569.0,572.0,-2.0,-0.35,1.05,"22,447","20,736",1.08,128.0,"-5,350","-2,006",501,"-6,854"
2023/6/28,579.0,579.0,571.0,574.0,2.0,0.35,1.4,"18,685","15,939",1.17,107.0,"-3,672",-93.5,378,"-3,387"
2023/6/29,578.0,580.0,570.0,573.0,-1.0,-0.17,1.74,"18,046","17,649",1.02,104.0,-915,-121,"1,407",371
2023/6/30,570.0,576.0,568.0,576.0,3.0,0.52,1.4,"33,831","20,529",1.65,194.0,"-2,616",-607,649,"-2,574"
2023/7/3,578.0,580.0,576.0,579.0,3.0,0.52,0.69,"15,118","15,659",0.97,87.4,"2,359",-305,"1,401","3,455"
2023/7/4,585.0,585.0,580.0,585.0,6.0,1.04,0.86,"17,777","18,848",0.94,104.0,"4,795","-1,347",-13.1,"3,435"
2023/7/5,589.0,589.0,579.0,582.0,-3.0,-0.51,1.71,"15,554","16,504",0.94,90.6,-840,-503,"-1,092","-2,436"
2023/7/6,573.0,574.0,565.0,565.0,-17.0,-2.92,1.55,"32,070","60,108",0.53,182.0,"-16,294",-574,-603,"-17,470"
2023/7/7,565.0,572.0,563.0,565.0,0.0,0.0,1.59,"19,859","21,855",0.91,112.0,"-3,669",-185,-100,"-3,955"
2023/7/10,567.0,573.0,565.0,565.0,0.0,0.0,1.42,"18,996","17,792",1.07,108.0,-327,-67,-775,"-1,169"
2023/7/11,574.0,577.0,570.0,577.0,12.0,2.12,1.24,"18,567","17,795",1.04,107.0,"7,304",173,-306,"7,171"
2023/7/12,574.0,578.0,572.0,578.0,1.0,0.17,1.04,"16,220","14,426",1.12,93.4,"2,777",1.88,"-1,385","1,395"
2023/7/13,587.0,590.0,585.0,585.0,7.0,1.21,0.87,"26,878","32,540",0.83,158.0,"12,626",-647,403,"12,382"
2023/7/14,589.0,591.0,587.0,591.0,6.0,1.03,0.68,"24,381","26,789",0.91,144.0,"12,484",-172,204,"12,516"
2023/7/17,588.0,591.0,587.0,591.0,0.0,0.0,0.68,"14,312","18,226",0.79,84.3,"3,744","-1,044","-1,262","1,438"
2023/7/18,587.0,588.0,580.0,581.0,-10.0,-1.69,1.35,"22,022","31,079",0.71,129.0,"-4,055",-827,-349,"-5,232"
2023/7/19,584.0,587.0,579.0,581.0,0.0,0.0,1.38,"24,910","20,069",1.24,145.0,733,-396,-879,-542
2023/7/20,580.0,584.0,578.0,579.0,-2.0,-0.34,1.03,"15,677","19,382",0.81,91.0,"-4,299",-68,943,"-3,424"
2023/7/21,560.0,563.0,557.0,560.0,-19.0,-3.28,1.04,"52,275","86,810",0.6,293.0,"-23,122",219,-580,"-23,483"
2023/7/24,557.0,563.0,557.0,558.0,-2.0,-0.36,1.07,"27,657","30,269",0.91,155.0,"-6,013","-1,067",-5.74,"-7,086"
2023/7/25,561.0,569.0,561.0,569.0,11.0,1.97,1.43,"22,768","21,119",1.08,129.0,"1,759",-386,195,"1,568"
2023/7/26,569.0,571.0,563.0,566.0,-3.0,-0.53,1.41,"15,148","21,679",0.7,85.9,"-2,429",-276,-57.4,"-2,762"
2023/7/27,570.0,570.0,566.0,569.0,3.0,0.53,0.71,"13,005","12,672",1.03,74.0,322,-521,297,97.7
2023/7/28,569.0,573.0,565.0,567.0,-2.0,-0.35,1.41,"19,010","19,313",0.98,108.0,"-3,008",-327,504,"-2,831"
2023/7/31,575.0,575.0,560.0,565.0,-2.0,-0.35,2.65,"28,409","28,425",1.0,160.0,"-3,201",-303,499,"-3,005"
2023/8/1,565.0,568.0,564.0,567.0,2.0,0.35,0.71,"18,917","13,827",1.37,107.0,879,-83,115,911
2023/8/2,567.0,569.0,558.0,561.0,-6.0,-1.06,1.94,"34,496","34,408",1.0,194.0,"-5,003",-44,"-2,035","-7,082"
2023/8/4,556.0,560.0,552.0,554.0,-7.0,-1.25,1.43,"29,321","47,739",0.61,163.0,"-10,798",-159,-357,"-11,313"
2023/8/7,558.0,561.0,556.0,558.0,4.0,0.72,0.9,"15,608","13,239",1.18,87.2,-744,418,-240,-566
2023/8/8,558.0,558.0,551.0,552.0,-6.0,-1.08,1.25,"21,168","33,867",0.63,117.0,"-4,790",723,"-1,553","-5,621"
2023/8/9,550.0,557.0,550.0,554.0,2.0,0.36,1.27,"15,088","14,590",1.03,83.6,"-18,113",870,-692,"-17,935"
2023/8/10,552.0,554.0,550.0,551.0,-3.0,-0.54,0.72,"18,884","21,572",0.88,104.0,"-1,763",392,-492,"-1,863"
2023/8/11,556.0,558.0,546.0,546.0,-5.0,-0.91,2.18,"24,816","33,682",0.74,137.0,"-6,421",217,28.3,"-6,176"
2023/8/14,540.0,543.0,537.0,541.0,-5.0,-0.92,1.1,"24,728","44,024",0.56,133.0,"-7,790","1,566",190,"-6,035"
2023/8/15,543.0,545.0,540.0,542.0,1.0,0.18,0.92,"16,341","20,787",0.79,88.6,"-1,001",-460,113,"-1,348"
2023/8/16,541.0,543.0,536.0,542.0,0.0,0.0,1.29,"29,613","44,555",0.66,160.0,"-8,703",806,"1,505","-6,393"
2023/8/17,540.0,546.0,537.0,544.0,2.0,0.37,1.66,"24,070","18,167",1.32,130.0,"1,429",-82.8,487,"1,833"
2023/8/18,540.0,544.0,539.0,539.0,-5.0,-0.92,0.92,"19,583","21,346",0.92,106.0,"-3,886","-1,118",113,"-4,892"
2023/8/21,544.0,544.0,534.0,537.0,-2.0,-0.37,1.86,"18,314","33,922",0.54,98.4,"-4,894",-219,228,"-4,885"
2023/8/22,544.0,544.0,538.0,541.0,4.0,0.74,1.12,"14,854","13,606",1.09,80.4,"1,749",19,-59.5,"1,708"
2023/8/23,546.0,552.0,544.0,552.0,11.0,2.03,1.48,"21,702","21,521",1.01,119.0,"5,055",-251,92.1,"4,896"
2023/8/24,563.0,564.0,558.0,564.0,12.0,2.17,1.09,"24,410","28,550",0.85,137.0,"10,141",-244,116,"10,013"
2023/8/25,549.0,551.0,546.0,546.0,-18.0,-3.19,0.89,"25,783","42,456",0.61,141.0,"-11,923",-215,-764,"-12,903"
2023/8/28,547.0,553.0,547.0,549.0,3.0,0.55,1.1,"9,385","11,096",0.85,51.7,-329,362,-171,-138
2023/8/29,551.0,553.0,546.0,552.0,3.0,0.55,1.28,"10,969","11,040",0.99,60.4,"-3,886","-1,118",113,"-4,892"
2023/8/30,558.0,560.0,554.0,555.0,3.0,0.54,1.09,"18,675","14,916",1.25,104.0,"1,469",39,756,"2,264"
2023/8/31,553.0,556.0,548.0,549.0,-6.0,-1.08,1.44,"47,265","19,831",2.38,260.0,"-5,641",58.5,429,"-5,154"
2023/9/1,543.0,553.0,543.0,548.0,-1.0,-0.18,1.82,"15,195","12,739",1.19,83.3,"-2,221",-209,274,"-2,155"
2023/9/4,549.0,557.0,549.0,557.0,9.0,1.64,1.46,"9,773","12,158",0.8,54.1,546,141,-123,565
2023/9/5,553.0,555.0,550.0,552.0,-5.0,-0.9,0.9,"14,337","13,714",1.05,79.1,"-4,385",109,-24.8,"-4,301"
2023/9/6,556.0,556.0,550.0,550.0,-2.0,-0.36,1.09,"14,443","12,752",1.13,79.7,"-1,788",47.5,-810,"-2,550"
2023/9/7,546.0,548.0,542.0,542.0,-8.0,-1.45,1.09,"22,610","41,564",0.54,123.0,"-8,986",-281,-943,"-10,210"
2023/9/8,535.0,540.0,535.0,539.0,-3.0,-0.55,0.92,"16,702","36,672",0.46,89.8,"-9,431",349,-38.7,"-9,121"
2023/9/11,539.0,540.0,536.0,536.0,-3.0,-0.56,0.74,"15,541","31,155",0.5,83.5,"-7,777",89,-412,"-8,100"
2023/9/12,536.0,545.0,536.0,544.0,8.0,1.49,1.68,"17,136","20,545",0.83,92.7,"-4,605",827,"1,036","-2,742"
2023/9/13,545.0,548.0,541.0,541.0,-3.0,-0.55,1.29,"16,836","18,111",0.93,91.5,"-2,390",589,442,"-1,360"
2023/9/14,544.0,550.0,543.0,550.0,12.0,2.23,1.3,"18,377","19,037",0.97,101.0,"5,784",128,-106,"5,805"
2023/9/15,549.0,558.0,547.0,558.0,8.0,1.45,2.0,"44,682","18,023",2.48,248.0,"10,574","-4,966",-827,"4,780"
2023/9/18,548.0,549.0,540.0,540.0,-18.0,-3.23,1.61,"40,148","58,958",0.68,218.0,"-23,317",-39.3,-64.5,"-23,421"
2023/9/19,539.0,543.0,538.0,538.0,-2.0,-0.37,0.93,"21,100","45,323",0.47,114.0,"-14,437",84.9,97.8,"-14,254"
2023/9/20,536.0,538.0,535.0,535.0,-3.0,-0.56,0.56,"28,099","50,355",0.56,151.0,"-15,231",50.7,108,"-15,072"
2023/9/21,530.0,531.0,526.0,527.0,-8.0,-1.5,0.93,"35,985","96,356",0.37,190.0,"-22,164",395,-46.7,"-21,815"
2023/9/22,523.0,525.0,522.0,522.0,-5.0,-0.95,0.57,"33,499","68,488",0.49,175.0,"-15,752",-246,"1,078","-14,921"
2023/9/25,522.0,529.0,522.0,525.0,3.0,0.57,1.34,"20,583","23,438",0.88,108.0,"-5,296",67.9,740,"-4,488"
2023/9/26,521.0,524.0,519.0,519.0,-6.0,-1.14,0.95,"29,065","66,748",0.44,151.0,"-17,315",221,-115,"-17,209"
2023/9/27,517.0,523.0,516.0,522.0,3.0,0.58,1.35,"18,655","22,249",0.84,97.1,"-1,096",336,-664,"-1,425"
2023/9/28,523.0,525.0,520.0,523.0,1.0,0.19,0.96,"28,350","20,589",1.38,148.0,"-2,946",37,778,"-2,131"
2023/10/2,530.0,534.0,528.0,533.0,10.0,1.91,1.15,"26,892","23,151",1.16,143.0,"2,184",321,467,"2,973"
2023/10/3,528.0,533.0,528.0,529.0,-4.0,-0.75,0.94,"17,601","17,430",1.01,93.4,"-2,604",-25.6,-75,"-2,705"
2023/10/4,521.0,523.0,519.0,520.0,-9.0,-1.7,0.76,"29,809","49,176",0.61,155.0,"-13,699",-16.8,-227,"-13,943"
2023/10/5,523.0,529.0,523.0,528.0,8.0,1.54,1.15,"25,749","19,027",1.35,136.0,"-1,232",151,"1,121",40.2
2023/10/6,530.0,533.0,529.0,532.0,4.0,0.76,0.76,"16,160","14,047",1.15,85.9,461,909,"1,112","2,481"
2023/10/11,542.0,544.0,540.0,544.0,12.0,2.26,0.75,"61,671","43,385",1.42,335.0,"18,943",289,"1,072","20,304"
2023/10/12,545.0,550.0,544.0,550.0,6.0,1.1,1.1,"36,350","35,333",1.03,199.0,"12,866",888,422,"14,176"
2023/10/13,550.0,554.0,548.0,553.0,3.0,0.55,1.09,"34,705","31,159",1.11,191.0,"6,950","1,392",224,"8,566"
2023/10/16,546.0,547.0,542.0,545.0,-8.0,-1.45,0.9,"21,867","21,225",1.03,119.0,"-7,099","1,164",763,"-5,173"
2023/10/17,550.0,552.0,548.0,551.0,6.0,1.1,0.73,"19,463","19,538",1.0,107.0,"4,250","1,299",238,"5,787"
2023/10/18,549.0,549.0,540.0,540.0,-11.0,-2.0,1.63,"28,848","27,159",1.06,157.0,"-5,542",860,56.5,"-4,625"
2023/10/19,540.0,548.0,540.0,546.0,6.0,1.11,1.48,"26,999","18,309",1.47,147.0,"-2,112","1,633","3,165","2,686"
2023/10/20,549.0,556.0,546.0,556.0,10.0,1.83,1.83,"49,144","41,402",1.19,271.0,"17,391","1,267","-3,286","15,372"
2023/10/23,552.0,553.0,543.0,544.0,-12.0,-2.16,1.8,"24,173","23,393",1.03,132.0,"-7,844",980,-295,"-7,158"
2023/10/24,543.0,546.0,540.0,544.0,0.0,0.0,1.1,"15,762","15,637",1.01,85.6,"-3,341",482,697,"-2,162"
2023/10/25,544.0,551.0,544.0,544.0,0.0,0.0,1.29,"17,137","12,233",1.4,93.7,-371,651,-142,139
2023/10/26,530.0,535.0,530.0,531.0,-13.0,-2.39,0.92,"31,683","45,750",0.69,169.0,"-12,270",246,"-1,744","-13,768"
2023/10/27,534.0,536.0,532.0,533.0,2.0,0.38,0.75,"17,051","14,773",1.15,90.9,"-4,402","1,477",-72.8,"-2,998"
2023/10/30,531.0,534.0,528.0,532.0,-1.0,-0.19,1.13,"23,299","24,536",0.95,124.0,"-9,207",488,378,"-8,341"
2023/10/31,535.0,535.0,527.0,529.0,-3.0,-0.56,1.5,"28,073","32,067",0.88,149.0,"-8,403",494,-358,"-8,267"
2023/11/1,533.0,533.0,527.0,528.0,-1.0,-0.19,1.13,"14,029","15,452",0.91,74.3,"-4,465",94.7,365,"-4,006"
2023/11/2,536.0,547.0,535.0,547.0,19.0,3.6,2.27,"31,076","32,075",0.97,168.0,"10,883",565,275,"11,724"
2023/11/3,547.0,549.0,545.0,549.0,2.0,0.37,0.73,"16,673","17,911",0.93,91.3,"1,332",258,-13,"1,577"
2023/11/6,553.0,556.0,550.0,550.0,1.0,0.18,1.09,"31,297","32,684",0.96,173.0,"12,831",-104,163,"12,890"
2023/11/7,552.0,555.0,550.0,555.0,5.0,0.91,0.91,"16,990","15,356",1.11,94.1,"6,471",285,-255,"6,500"
2023/11/8,550.0,557.0,550.0,556.0,1.0,0.18,1.26,"16,780","17,845",0.94,93.1,"3,873",8,148,"4,029"
2023/11/9,551.0,557.0,551.0,557.0,1.0,0.18,1.08,"13,650","12,731",1.07,75.8,"1,932",142,18.2,"2,092"
2023/11/10,555.0,557.0,554.0,557.0,0.0,0.0,0.54,"14,106","15,342",0.92,78.4,"1,377",10,-215,"1,172"
2023/11/13,579.0,580.0,571.0,571.0,14.0,2.51,1.62,"46,556","51,281",0.91,267.0,"16,596",813,109,"17,518"
2023/11/14,576.0,576.0,571.0,572.0,1.0,0.18,0.88,"25,367","29,653",0.86,146.0,"8,273",-25,"1,044","9,292"
2023/11/15,583.0,583.0,575.0,581.0,9.0,1.57,1.4,"53,122","56,108",0.95,308.0,"26,759",-683,-70.7,"26,004"
2023/11/16,581.0,583.0,578.0,583.0,2.0,0.34,0.86,"31,059","25,771",1.21,181.0,"10,840",105,518,"11,464"
2023/11/17,579.0,583.0,579.0,580.0,-3.0,-0.51,0.69,"22,878","22,517",1.02,133.0,"3,974",296,134,"4,404"
2023/11/20,576.0,579.0,575.0,577.0,-3.0,-0.52,0.69,"26,606","21,159",1.26,153.0,"1,841",-125,270,"1,985"
2023/11/21,582.0,585.0,581.0,585.0,8.0,1.39,0.69,"39,881","35,442",1.13,233.0,"17,669",97.1,-772,"16,994"
2023/11/22,576.0,579.0,574.0,577.0,-8.0,-1.37,0.85,"23,922","31,701",0.75,138.0,"-3,142",-478,-230,"-3,851"
2023/11/23,574.0,578.0,574.0,578.0,1.0,0.17,0.69,"15,144","15,621",0.97,87.2,"2,838",-253,-218,"2,367"
2023/11/24,577.0,578.0,574.0,575.0,-3.0,-0.52,0.69,"12,503","12,961",0.96,71.9,"-1,134",69.7,-118,"-1,182"
2023/11/27,573.0,577.0,568.0,568.0,-7.0,-1.22,1.57,"20,322","28,620",0.71,116.0,"-2,134",59,-56,"-2,131"
2023/11/28,565.0,576.0,565.0,575.0,7.0,1.23,1.94,"26,932","17,693",1.52,154.0,"3,322",-98.5,687,"3,911"
2023/11/29,578.0,579.0,570.0,574.0,-1.0,-0.17,1.57,"27,787","23,135",1.2,159.0,367,55,-553,-132
2023/11/30,576.0,577.0,570.0,577.0,3.0,0.52,1.22,"54,365","18,807",2.89,313.0,"4,882",-68,-770,"4,044"
2023/12/1,573.0,579.0,573.0,579.0,2.0,0.35,1.04,"28,798","18,507",1.56,166.0,"7,100",-611,"-1,060","5,429"
2023/12/4,582.0,582.0,571.0,574.0,-5.0,-0.86,1.9,"29,424","23,004",1.28,169.0,"-5,240",-6.38,10,"-5,237"
2023/12/5,571.0,572.0,567.0,570.0,-4.0,-0.7,0.87,"27,356","26,933",1.02,156.0,"-4,359","-1,211",-419,"-5,989"
2023/12/6,568.0,575.0,568.0,570.0,0.0,0.0,1.23,"23,116","15,802",1.46,132.0,"2,000",-53,165,"2,113"
2023/12/7,570.0,573.0,566.0,566.0,-4.0,-0.7,1.23,"24,259","26,821",0.9,138.0,"-2,554",-301,-295,"-3,150"
2023/12/8,574.0,577.0,570.0,570.0,4.0,0.71,1.24,"39,244","23,505",1.67,225.0,"7,907",-826,-896,"6,185"
2023/12/11,572.0,575.0,570.0,574.0,4.0,0.7,0.88,"29,204","19,353",1.51,167.0,"4,587",-123,252,"4,717"
2023/12/12,580.0,581.0,575.0,578.0,4.0,0.7,1.05,"32,857","22,572",1.46,190.0,"9,876",-62.6,-387,"9,426"
2023/12/13,576.0,579.0,576.0,577.0,-1.0,-0.17,0.52,"24,328","18,524",1.31,140.0,-118,-57.7,420,244
2023/12/14,581.0,582.0,579.0,582.0,8.0,1.39,0.52,"40,581","33,409",1.21,236.0,"22,224",120,"-1,038","21,306"
2023/12/15,585.0,586.0,580.0,585.0,3.0,0.52,1.03,"58,693","35,791",1.64,343.0,"14,136",388,-902,"13,622"
2023/12/18,579.0,585.0,577.0,585.0,0.0,0.0,1.37,"25,907","10,786",2.4,151.0,,,,
